588477,::1,GET,http://localhost:8888/,1454104324,,404
0ec0ef,::1,GET,http://localhost:8888/favicon.ico,1454104325,,404
4350b0,::1,GET,http://localhost:8888/test/seb,1454104331,,200
d605ad,::1,GET,http://localhost:8888/test/seb,1454104485,,200
715763,::1,GET,http://localhost:8888/test/seb,1454104486,,200
d7c5bd,::1,GET,http://localhost:8888/test/seb,1454104486,,200
c434b8,::1,GET,http://localhost:8888/test/seb,1454104487,,200
b76cd3,::1,GET,http://localhost:8888/test/seb,1454104613,,200
21c46e,::1,GET,http://localhost:8888/test/seb,1454104624,,200
03009e,::1,GET,http://localhost:8888/test/seb,1454104660,,200
83219f,::1,GET,http://localhost:8888/test/seb,1454104661,,200
608bf9,::1,GET,http://localhost:8888/test/seb,1454104661,,200
9ac09b,::1,GET,http://localhost:8888/test/seb,1454104869,,200
9b360b,::1,GET,http://localhost:8888/test/seb,1454104870,,200
0723bd,::1,GET,http://localhost:8888/test/seb,1454104870,,200
b23d61,::1,GET,http://localhost:8888/test/seb,1454104936,,200
6c8d52,::1,GET,http://localhost:8888/test/seb,1454105235,,200
459645,::1,GET,http://localhost:8888/test/seb,1454105236,,200
1cb54b,::1,GET,http://localhost:8888/test/seb,1454105236,,200
85076d,::1,GET,http://localhost:8888/test/seb,1454105236,,200
d9aa40,::1,GET,http://localhost:8888/test/seb,1454105492,,200
298618,::1,GET,http://localhost:8888/test/seb,1454105493,,200
ab7ba3,::1,GET,http://localhost:8888/test/seb,1454105494,,200
91da0b,::1,GET,http://localhost:8888/test/seb,1454105494,,200
1d240f,::1,GET,http://localhost:8888/test/seb,1454105494,,200
c826da,::1,GET,http://localhost:8888/test/seb,1454105514,,200
487a70,::1,GET,http://localhost:8888/test/seb,1454105515,,200
dbf482,::1,GET,http://localhost:8888/test/seb,1454105515,,200
655f1f,::1,GET,http://localhost:8888/test/seb,1454105516,,200
18fba6,::1,GET,http://localhost:8888/test/seb,1454105522,,200
a21465,::1,GET,http://localhost:8888/test/seb,1454105522,,200
8cefe7,::1,GET,http://localhost:8888/test/seb,1454105522,,200
76156f,::1,GET,http://localhost:8888/test/seb,1454105638,,200
4ecec4,::1,GET,http://localhost:8888/test/seb,1454105638,,200
1cb9ef,::1,GET,http://localhost:8888/test/seb,1454105639,,200
7b0492,::1,GET,http://localhost:8888/test/seb,1454105662,,200
